World Bank Analytical Classifications,,,,,,,,,,,,,,,,,,,,,,,,,,,,,,,,,

GNI per capita in US$ (Atlas methodology),,,,,,,,,,,,,,,,,,,,,,,,,,,,,,,,,

Country Name,Country Code,1987,1988,1989,1990,1991,1992,1993,1994,1995,1996,1997,1998,1999,2000,2001,2002,2003,2004,2005,2006,2007,2008,2009,2010,2011,2012,2013,2014,2015,2016,2017,2018
Afghanistan,AFG,L,L,L,L,L,L,L,L,L,L,L,L,L,L,L,L,L,L,L,L,L,L,L,L,L,L,L,L,L,L,L,L
Albania,ALB,,,,LM,LM,LM,L,L,L,LM,L,LM,LM,LM,LM,LM,LM,LM,LM,LM,LM,LM,UM,UM,LM,UM,UM,UM,UM,UM,UM,UM
Algeria,DZA,UM,UM,LM,LM,LM,LM,LM,LM,LM,LM,LM,LM,LM,LM,LM,LM,LM,LM,LM,LM,LM,UM,UM,UM,UM,UM,UM,UM,UM,UM,UM,UM
American Samoa,ASM,H,H,H,UM,UM,UM,UM,UM,UM,UM,UM,UM,UM,UM,UM,UM,UM,UM,UM,UM,UM,UM,UM,UM,UM,UM,UM,UM,UM,UM,UM,UM
Andorra,AND,,,,H,H,H,H,H,H,H,H,H,H,H,H,H,H,H,H,H,H,H,H,H,H,H,H,H,H,H,H,H
Angola,AGO,,LM,LM,LM,LM,LM,LM,LM,L,L,L,L,L,L,L,L,L,LM,LM,LM,LM,LM,LM,LM,UM,UM,UM,UM,UM,LM,LM,LM
Antigua and Barbuda,ATG,UM,UM,UM,UM,UM,UM,UM,UM,UM,UM,UM,UM,UM,UM,UM,H,UM,UM,H,H,H,H,UM,UM,UM,H,H,H,H,H,H,H
Argentina,ARG,UM,UM,LM,LM,UM,UM,UM,UM,UM,UM,UM,UM,UM,UM,UM,UM,UM,UM,UM,UM,UM,UM,UM,UM,UM,UM,UM,H,UM,UM,H,UM
Armenia,ARM,,,,,LM,LM,L,L,L,L,L,L,L,L,L,LM,LM,LM,LM,LM,LM,LM,LM,LM,LM,LM,LM,LM,LM,LM,UM,UM
Aruba,ABW,H,H,H,H,UM,UM,UM,H,H,H,H,H,H,H,H,H,H,H,H,H,H,H,H,H,H,H,H,H,H,H,H,H
Australia,AUS,H,H,H,H,H,H,H,H,H,H,H,H,H,H,H,H,H,H,H,H,H,H,H,H,H,H,H,H,H,H,H,H
Austria,AUT,H,H,H,H,H,H,H,H,H,H,H,H,H,H,H,H,H,H,H,H,H,H,H,H,H,H,H,H,H,H,H,H
Azerbaijan,AZE,,,,,LM,LM,LM,L,L,L,L,L,L,L,L,L,LM,LM,LM,LM,LM,LM,UM,UM,UM,UM,UM,UM,UM,UM,UM,UM
"Bahamas, The",BHS,H,H,H,H,H,H,H,H,H,H,H,H,H,H,H,H,H,H,H,H,H,H,H,H,H,H,H,H,H,H,H,H
Bahrain,BHR,H,H,H,UM,UM,UM,UM,UM,UM,UM,UM,UM,UM,UM,H,H,H,H,H,H,H,H,H,H,H,H,H,H,H,H,H,H
Bangladesh,BGD,L,L,L,L,L,L,L,L,L,L,L,L,L,L,L,L,L,L,L,L,L,L,L,L,L,L,L,LM,LM,LM,LM,LM
Barbados,BRB,UM,UM,H,UM,UM,UM,UM,UM,UM,UM,UM,UM,UM,H,UM,H,UM,UM,UM,H,H,H,H,H,H,H,H,H,H,H,H,H
Belarus,BLR,,,,,UM,UM,UM,LM,LM,LM,LM,LM,LM,LM,LM,LM,LM,LM,LM,LM,UM,UM,UM,UM,UM,UM,UM,UM,UM,UM,UM,UM
Belgium,BEL,H,H,H,H,H,H,H,H,H,H,H,H,H,H,H,H,H,H,H,H,H,H,H,H,H,H,H,H,H,H,H,H
Belize,BLZ,LM,LM,LM,LM,LM,LM,LM,LM,LM,LM,LM,LM,LM,LM,LM,UM,UM,UM,UM,UM,UM,LM,LM,LM,LM,UM,UM,UM,UM,UM,UM,UM
Benin,BEN,L,L,L,L,L,L,L,L,L,L,L,L,L,L,L,L,L,L,L,L,L,L,L,L,L,L,L,L,L,L,L,L
Bermuda,BMU,H,H,H,H,H,H,H,H,H,H,H,H,H,H,H,H,H,H,H,H,H,H,H,H,H,H,H,H,H,H,H,H
Bhutan,BTN,L,L,L,L,L,L,L,L,L,L,L,L,L,L,L,L,L,L,L,LM,LM,LM,LM,LM,LM,LM,LM,LM,LM,LM,LM,LM
Bolivia,BOL,LM,LM,LM,LM,LM,LM,LM,LM,LM,LM,LM,LM,LM,LM,LM,LM,LM,LM,LM,LM,LM,LM,LM,LM,LM,LM,LM,LM,LM,LM,LM,LM
Bosnia and Herzegovina,BIH,,,,,,LM,L,L,L,L,L,LM,LM,LM,LM,LM,LM,LM,LM,LM,LM,UM,UM,UM,UM,UM,UM,UM,UM,UM,UM,UM
Botswana,BWA,LM,LM,LM,LM,UM,UM,LM,LM,LM,LM,UM,UM,UM,UM,UM,UM,UM,UM,UM,UM,UM,UM,UM,UM,UM,UM,UM,UM,UM,UM,UM,UM
Brazil,BRA,UM,LM,UM,UM,UM,UM,UM,UM,UM,UM,UM,UM,UM,UM,UM,LM,LM,LM,LM,UM,UM,UM,UM,UM,UM,UM,UM,UM,UM,UM,UM,UM
British Virgin Islands,VGB,,,,,,,,,,,,,,,,,,,,,,,,,,,,,H,H,H,H
Brunei Darussalam,BRN,H,,,H,H,H,H,H,H,H,H,H,H,H,H,H,H,H,H,H,H,H,H,H,H,H,H,H,H,H,H,H
Bulgaria,BGR,,,LM,LM,LM,LM,LM,LM,LM,LM,LM,LM,LM,LM,LM,LM,LM,LM,LM,UM,UM,UM,UM,UM,UM,UM,UM,UM,UM,UM,UM,UM
Burkina Faso,BFA,L,L,L,L,L,L,L,L,L,L,L,L,L,L,L,L,L,L,L,L,L,L,L,L,L,L,L,L,L,L,L,L
Burundi,BDI,L,L,L,L,L,L,L,L,L,L,L,L,L,L,L,L,L,L,L,L,L,L,L,L,L,L,L,L,L,L,L,L
Cabo Verde,CPV,,LM,LM,LM,LM,LM,LM,LM,LM,LM,LM,LM,LM,LM,LM,LM,LM,LM,LM,LM,LM,LM,LM,LM,LM,LM,LM,LM,LM,LM,LM,LM
Cambodia,KHM,L,L,L,L,L,L,L,L,L,L,L,L,L,L,L,L,L,L,L,L,L,L,L,L,L,L,L,L,LM,LM,LM,LM
Cameroon,CMR,LM,LM,LM,LM,LM,LM,LM,L,L,L,L,L,L,L,L,L,L,L,LM,LM,LM,LM,LM,LM,LM,LM,LM,LM,LM,LM,LM,LM
Canada,CAN,H,H,H,H,H,H,H,H,H,H,H,H,H,H,H,H,H,H,H,H,H,H,H,H,H,H,H,H,H,H,H,H
Cayman Islands,CYM,,,,,,,H,H,H,H,H,H,H,H,H,H,H,H,H,H,H,H,H,H,H,H,H,H,H,H,H,H
Central African Republic,CAF,L,L,L,L,L,L,L,L,L,L,L,L,L,L,L,L,L,L,L,L,L,L,L,L,L,L,L,L,L,L,L,L
Chad,TCD,L,L,L,L,L,L,L,L,L,L,L,L,L,L,L,L,L,L,L,L,L,L,L,L,L,L,L,L,L,L,L,L
Channel Islands,CHI,H,H,H,H,H,H,H,H,H,H,H,H,H,H,H,H,H,H,H,H,H,H,H,H,H,H,H,H,H,H,H,H
Chile,CHL,LM,LM,LM,LM,LM,LM,UM,UM,UM,UM,UM,UM,UM,UM,UM,UM,UM,UM,UM,UM,UM,UM,UM,UM,UM,H,H,H,H,H,H,H
China,CHN,L,L,L,L,L,L,L,L,L,L,LM,L,LM,LM,LM,LM,LM,LM,LM,LM,LM,LM,LM,UM,UM,UM,UM,UM,UM,UM,UM,UM
Colombia,COL,LM,LM,LM,LM,LM,LM,LM,LM,LM,LM,LM,LM,LM,LM,LM,LM,LM,LM,LM,LM,LM,UM,UM,UM,UM,UM,UM,UM,UM,UM,UM,UM
Comoros,COM,L,L,L,L,L,L,L,L,L,L,L,L,L,L,L,L,L,L,L,L,L,L,L,L,L,L,L,L,L,L,L,LM
"Congo, Dem. Rep.",COD,L,L,L,L,L,L,L,L,L,L,L,L,L,L,L,L,L,L,L,L,L,L,L,L,L,L,L,L,L,L,L,L
"Congo, Rep.",COG,LM,LM,LM,LM,LM,LM,LM,L,L,L,L,L,L,L,L,L,L,L,LM,LM,LM,LM,LM,LM,LM,LM,LM,LM,LM,LM,LM,LM
Costa Rica,CRI,LM,LM,LM,LM,LM,LM,LM,LM,LM,LM,LM,LM,LM,UM,UM,UM,UM,UM,UM,UM,UM,UM,UM,UM,UM,UM,UM,UM,UM,UM,UM,UM
Côte d'Ivoire,CIV,LM,LM,LM,LM,LM,LM,L,L,L,L,L,L,L,L,L,L,L,L,L,L,L,LM,LM,LM,LM,LM,LM,LM,LM,LM,LM,LM
Croatia,HRV,,,,,,LM,LM,LM,UM,UM,UM,UM,UM,UM,UM,UM,UM,UM,UM,UM,UM,H,H,H,H,H,H,H,H,UM,H,H
Cuba,CUB,,,,LM,LM,LM,LM,LM,LM,LM,LM,LM,LM,LM,LM,LM,LM,LM,LM,LM,UM,UM,UM,UM,UM,UM,UM,UM,UM,UM,UM,UM
Curaçao,CUW,,,,,,,,,,,,,,,,,,,,,,,,H,H,H,H,H,H,H,H,H
Cyprus,CYP,UM,H,H,H,H,H,H,H,H,H,H,H,H,H,H,H,H,H,H,H,H,H,H,H,H,H,H,H,H,H,H,H
Czech Republic,CZE,,,,,,LM,LM,UM,UM,UM,UM,UM,UM,UM,UM,UM,UM,UM,UM,H,H,H,H,H,H,H,H,H,H,H,H,H
Denmark,DNK,H,H,H,H,H,H,H,H,H,H,H,H,H,H,H,H,H,H,H,H,H,H,H,H,H,H,H,H,H,H,H,H
Djibouti,DJI,,,,LM,LM,LM,LM,LM,LM,LM,LM,LM,LM,LM,LM,LM,LM,LM,LM,LM,LM,LM,LM,LM,LM,LM,LM,LM,LM,LM,LM,LM
Dominica,DMA,LM,LM,LM,LM,LM,LM,LM,LM,LM,LM,LM,LM,UM,UM,UM,UM,UM,UM,UM,UM,UM,UM,UM,UM,UM,UM,UM,UM,UM,UM,UM,UM
Dominican Republic,DOM,LM,LM,LM,LM,LM,LM,LM,LM,LM,LM,LM,LM,LM,LM,LM,LM,LM,LM,LM,LM,LM,UM,UM,UM,UM,UM,UM,UM,UM,UM,UM,UM
Ecuador,ECU,LM,LM,LM,LM,LM,LM,LM,LM,LM,LM,LM,LM,LM,LM,LM,LM,LM,LM,LM,LM,LM,LM,LM,UM,UM,UM,UM,UM,UM,UM,UM,UM
"Egypt, Arab Rep.",EGY,LM,LM,LM,L,L,L,L,L,LM,LM,LM,LM,LM,LM,LM,LM,LM,LM,LM,LM,LM,LM,LM,LM,LM,LM,LM,LM,LM,LM,LM,LM
El Salvador,SLV,LM,LM,LM,LM,LM,LM,LM,LM,LM,LM,LM,LM,LM,LM,LM,LM,LM,LM,LM,LM,LM,LM,LM,LM,LM,LM,LM,LM,LM,LM,LM,LM
Equatorial Guinea,GNQ,L,L,L,L,L,L,L,L,L,L,LM,LM,LM,LM,L,L,L,UM,UM,UM,H,H,H,H,H,H,H,H,UM,UM,UM,UM
Eritrea,ERI,,,,,,L,L,L,L,L,L,L,L,L,L,L,L,L,L,L,L,L,L,L,L,L,L,L,L,L,L,L
Estonia,EST,,,,,UM,UM,UM,LM,LM,LM,UM,UM,UM,UM,UM,UM,UM,UM,UM,H,H,H,H,H,H,H,H,H,H,H,H,H
Eswatini,SWZ,LM,LM,LM,LM,LM,LM,LM,LM,LM,LM,LM,LM,LM,LM,LM,LM,LM,LM,LM,LM,LM,LM,LM,LM,LM,LM,LM,LM,LM,LM,LM,LM
Ethiopia,ETH,L,L,L,L,L,L,L,L,L,L,L,L,L,L,L,L,L,L,L,L,L,L,L,L,L,L,L,L,L,L,L,L
Faeroe Islands,FRO,H,H,H,H,H,H,H,H,H,H,H,H,H,H,H,H,H,H,H,H,H,H,H,H,H,H,H,H,H,H,H,H
Fiji,FJI,LM,LM,LM,LM,LM,LM,LM,LM,LM,LM,LM,LM,LM,LM,LM,LM,LM,LM,LM,LM,UM,UM,UM,LM,LM,UM,UM,UM,UM,UM,UM,UM
Finland,FIN,H,H,H,H,H,H,H,H,H,H,H,H,H,H,H,H,H,H,H,H,H,H,H,H,H,H,H,H,H,H,H,H
France,FRA,H,H,H,H,H,H,H,H,H,H,H,H,H,H,H,H,H,H,H,H,H,H,H,H,H,H,H,H,H,H,H,H
French Polynesia,PYF,,,,H,H,H,H,H,H,H,H,H,H,H,H,H,H,H,H,H,H,H,H,H,H,H,H,H,H,H,H,H
Gabon,GAB,UM,UM,UM,UM,UM,UM,UM,UM,UM,UM,UM,UM,UM,UM,UM,UM,UM,UM,UM,UM,UM,UM,UM,UM,UM,UM,UM,UM,UM,UM,UM,UM
"Gambia, The",GMB,L,L,L,L,L,L,L,L,L,L,L,L,L,L,L,L,L,L,L,L,L,L,L,L,L,L,L,L,L,L,L,L
Georgia,GEO,,,,,LM,LM,L,L,L,LM,LM,LM,L,L,L,L,LM,LM,LM,LM,LM,LM,LM,LM,LM,LM,LM,LM,UM,LM,LM,UM
Germany,DEU,H,H,H,H,H,H,H,H,H,H,H,H,H,H,H,H,H,H,H,H,H,H,H,H,H,H,H,H,H,H,H,H
Ghana,GHA,L,L,L,L,L,L,L,L,L,L,L,L,L,L,L,L,L,L,L,L,L,L,L,LM,LM,LM,LM,LM,LM,LM,LM,LM
Gibraltar,GIB,UM,UM,UM,UM,UM,UM,UM,,,,,,,,,,,,,,,,H,H,,,,,H,H,H,H
Greece,GRC,UM,UM,UM,UM,UM,UM,UM,UM,UM,H,H,H,H,H,H,H,H,H,H,H,H,H,H,H,H,H,H,H,H,H,H,H
Greenland,GRL,H,H,H,H,H,H,H,H,H,H,H,H,H,H,H,H,H,H,H,H,H,H,H,H,H,H,H,H,H,H,H,H
Grenada,GRD,LM,LM,LM,LM,LM,LM,LM,LM,LM,LM,UM,UM,UM,UM,UM,UM,UM,UM,UM,UM,UM,UM,UM,UM,UM,UM,UM,UM,UM,UM,UM,UM
Guam,GUM,H,H,H,UM,UM,UM,UM,UM,H,H,H,H,H,H,H,H,H,H,H,H,H,H,H,H,H,H,H,H,H,H,H,H
Guatemala,GTM,LM,LM,LM,LM,LM,LM,LM,LM,LM,LM,LM,LM,LM,LM,LM,LM,LM,LM,LM,LM,LM,LM,LM,LM,LM,LM,LM,LM,LM,LM,UM,UM
Guinea,GIN,L,L,L,L,L,L,L,L,L,L,L,L,L,L,L,L,L,L,L,L,L,L,L,L,L,L,L,L,L,L,L,L
Guinea-Bissau,GNB,L,L,L,L,L,L,L,L,L,L,L,L,L,L,L,L,L,L,L,L,L,L,L,L,L,L,L,L,L,L,L,L
Guyana,GUY,L,L,L,L,L,L,L,L,L,L,LM,LM,LM,LM,LM,LM,LM,LM,LM,LM,LM,LM,LM,LM,LM,LM,LM,LM,UM,UM,UM,UM
Haiti,HTI,L,L,L,L,L,L,L,L,L,L,L,L,L,L,L,L,L,L,L,L,L,L,L,L,L,L,L,L,L,L,L,L
Honduras,HND,LM,LM,LM,L,L,L,L,L,L,L,L,L,LM,LM,LM,LM,LM,LM,LM,LM,LM,LM,LM,LM,LM,LM,LM,LM,LM,LM,LM,LM
"Hong Kong SAR, China",HKG,H,H,H,H,H,H,H,H,H,H,H,H,H,H,H,H,H,H,H,H,H,H,H,H,H,H,H,H,H,H,H,H
Hungary,HUN,UM,UM,UM,UM,UM,UM,UM,UM,UM,UM,UM,UM,UM,UM,UM,UM,UM,UM,UM,UM,H,H,H,H,H,UM,UM,H,H,H,H,H
Iceland,ISL,H,H,H,H,H,H,H,H,H,H,H,H,H,H,H,H,H,H,H,H,H,H,H,H,H,H,H,H,H,H,H,H
India,IND,L,L,L,L,L,L,L,L,L,L,L,L,L,L,L,L,L,L,L,L,LM,LM,LM,LM,LM,LM,LM,LM,LM,LM,LM,LM
Indonesia,IDN,L,L,L,L,L,L,LM,LM,LM,LM,LM,L,L,L,L,L,LM,LM,LM,LM,LM,LM,LM,LM,LM,LM,LM,LM,LM,LM,LM,LM
"Iran, Islamic Rep.",IRN,UM,UM,UM,LM,LM,LM,LM,LM,LM,LM,LM,LM,LM,LM,LM,LM,LM,LM,LM,LM,LM,LM,UM,UM,UM,UM,UM,UM,UM,UM,UM,UM
Iraq,IRQ,UM,UM,UM,UM,LM,LM,LM,LM,LM,LM,LM,LM,LM,LM,LM,LM,LM,LM,LM,LM,LM,LM,LM,LM,LM,UM,UM,UM,UM,UM,UM,UM
Ireland,IRL,H,H,H,H,H,H,H,H,H,H,H,H,H,H,H,H,H,H,H,H,H,H,H,H,H,H,H,H,H,H,H,H
Isle of Man,IMN,H,H,H,UM,UM,UM,UM,UM,UM,UM,UM,UM,UM,UM,UM,H,H,H,H,H,H,H,H,H,H,H,H,H,H,H,H,H
Israel,ISR,H,H,H,H,H,H,H,H,H,H,H,H,H,H,H,H,H,H,H,H,H,H,H,H,H,H,H,H,H,H,H,H
Italy,ITA,H,H,H,H,H,H,H,H,H,H,H,H,H,H,H,H,H,H,H,H,H,H,H,H,H,H,H,H,H,H,H,H
Jamaica,JAM,LM,LM,LM,LM,LM,LM,LM,LM,LM,LM,LM,LM,LM,LM,LM,LM,LM,LM,LM,LM,UM,UM,UM,UM,UM,UM,UM,UM,UM,UM,UM,UM
Japan,JPN,H,H,H,H,H,H,H,H,H,H,H,H,H,H,H,H,H,H,H,H,H,H,H,H,H,H,H,H,H,H,H,H
Jordan,JOR,LM,LM,LM,LM,LM,LM,LM,LM,LM,LM,LM,LM,LM,LM,LM,LM,LM,LM,LM,LM,LM,LM,LM,UM,UM,UM,UM,UM,UM,LM,UM,UM
Kazakhstan,KAZ,,,,,LM,LM,LM,LM,LM,LM,LM,LM,LM,LM,LM,LM,LM,LM,LM,UM,UM,UM,UM,UM,UM,UM,UM,UM,UM,UM,UM,UM
Kenya,KEN,L,L,L,L,L,L,L,L,L,L,L,L,L,L,L,L,L,L,L,L,L,L,L,L,L,L,L,LM,LM,LM,LM,LM
Kiribati,KIR,LM,LM,LM,LM,LM,LM,LM,LM,LM,LM,LM,LM,LM,LM,LM,LM,LM,LM,LM,LM,LM,LM,LM,LM,LM,LM,LM,LM,LM,LM,LM,LM
"Korea, Dem. Rep.",PRK,,,,LM,LM,LM,LM,LM,LM,LM,LM,L,L,L,L,L,L,L,L,L,L,L,L,L,L,L,L,L,L,L,L,L
"Korea, Rep.",KOR,UM,UM,UM,UM,UM,UM,UM,UM,H,H,H,UM,UM,UM,H,H,H,H,H,H,H,H,H,H,H,H,H,H,H,H,H,H
Kosovo,XKX,,,,,,,,,,,,,,,,,,,,,,LM,LM,LM,LM,LM,LM,LM,LM,LM,LM,UM
Kuwait,KWT,H,H,H,H,H,H,H,H,H,H,H,H,H,H,H,H,H,H,H,H,H,H,H,H,H,H,H,H,H,H,H,H
Kyrgyz Republic,KGZ,,,,,LM,LM,LM,L,L,L,L,L,L,L,L,L,L,L,L,L,L,L,L,L,L,L,LM,LM,LM,LM,LM,LM
Lao PDR,LAO,L,L,L,L,L,L,L,L,L,L,L,L,L,L,L,L,L,L,L,L,L,L,L,LM,LM,LM,LM,LM,LM,LM,LM,LM
Latvia,LVA,,,,,UM,LM,LM,LM,LM,LM,LM,LM,LM,LM,UM,UM,UM,UM,UM,UM,UM,UM,H,UM,UM,H,H,H,H,H,H,H
Lebanon,LBN,LM,LM,LM,LM,LM,LM,LM,LM,LM,LM,UM,UM,UM,UM,UM,UM,UM,UM,UM,UM,UM,UM,UM,UM,UM,UM,UM,UM,UM,UM,UM,UM
Lesotho,LSO,L,L,L,L,L,L,L,L,LM,L,L,L,L,L,L,L,L,L,LM,LM,LM,LM,LM,LM,LM,LM,LM,LM,LM,LM,LM,LM
Liberia,LBR,L,L,L,L,L,L,L,L,L,L,L,L,L,L,L,L,L,L,L,L,L,L,L,L,L,L,L,L,L,L,L,L
Libya,LBY,UM,UM,UM,UM,UM,UM,UM,UM,UM,UM,UM,UM,UM,UM,UM,UM,UM,UM,UM,UM,UM,UM,UM,UM,UM,UM,UM,UM,UM,UM,UM,UM
Liechtenstein,LIE,,,,,,,,H,H,H,H,H,H,H,H,H,H,H,H,H,H,H,H,H,H,H,H,H,H,H,H,H
Lithuania,LTU,,,,,UM,LM,LM,LM,LM,LM,LM,LM,LM,LM,UM,UM,UM,UM,UM,UM,UM,UM,UM,UM,UM,H,H,H,H,H,H,H
Luxembourg,LUX,H,H,H,H,H,H,H,H,H,H,H,H,H,H,H,H,H,H,H,H,H,H,H,H,H,H,H,H,H,H,H,H
"Macao SAR, China",MAC,UM,UM,UM,UM,UM,UM,UM,H,H,H,H,H,H,H,H,H,H,H,H,H,H,H,H,H,H,H,H,H,H,H,H,H
Madagascar,MDG,L,L,L,L,L,L,L,L,L,L,L,L,L,L,L,L,L,L,L,L,L,L,L,L,L,L,L,L,L,L,L,L
Malawi,MWI,L,L,L,L,L,L,L,L,L,L,L,L,L,L,L,L,L,L,L,L,L,L,L,L,L,L,L,L,L,L,L,L
Malaysia,MYS,LM,LM,LM,LM,LM,UM,UM,UM,UM,UM,UM,UM,UM,UM,UM,UM,UM,UM,UM,UM,UM,UM,UM,UM,UM,UM,UM,UM,UM,UM,UM,UM
Maldives,MDV,L,L,L,L,L,L,LM,LM,LM,LM,LM,LM,LM,LM,LM,LM,LM,LM,LM,LM,LM,LM,LM,UM,UM,UM,UM,UM,UM,UM,UM,UM
Mali,MLI,L,L,L,L,L,L,L,L,L,L,L,L,L,L,L,L,L,L,L,L,L,L,L,L,L,L,L,L,L,L,L,L
Malta,MLT,UM,UM,H,UM,UM,UM,UM,UM,UM,UM,UM,H,UM,H,UM,H,H,H,H,H,H,H,H,H,H,H,H,H,H,H,H,H
Marshall Islands,MHL,,,,,LM,LM,LM,LM,LM,LM,LM,LM,LM,LM,LM,LM,LM,LM,LM,LM,LM,LM,LM,LM,LM,UM,UM,UM,UM,UM,UM,UM
Mauritania,MRT,L,L,L,L,L,L,L,L,L,L,L,L,L,L,L,L,L,L,L,L,L,L,L,LM,L,LM,LM,LM,LM,LM,LM,LM
Mauritius,MUS,LM,LM,LM,LM,LM,UM,UM,UM,UM,UM,UM,UM,UM,UM,UM,UM,UM,UM,UM,UM,UM,UM,UM,UM,UM,UM,UM,UM,UM,UM,UM,UM
Mexico,MEX,LM,LM,LM,UM,UM,UM,UM,UM,UM,UM,UM,UM,UM,UM,UM,UM,UM,UM,UM,UM,UM,UM,UM,UM,UM,UM,UM,UM,UM,UM,UM,UM
"Micronesia, Fed. Sts.",FSM,,,,,LM,LM,LM,LM,LM,LM,LM,LM,LM,LM,LM,LM,LM,LM,LM,LM,LM,LM,LM,LM,LM,LM,LM,LM,LM,LM,LM,LM
Moldova,MDA,,,,,LM,LM,LM,LM,LM,L,L,L,L,L,L,L,L,L,LM,LM,LM,LM,LM,LM,LM,LM,LM,LM,LM,LM,LM,LM
Monaco,MCO,,,,,,,,H,H,H,H,H,H,H,H,H,H,H,H,H,H,H,H,H,H,H,H,H,H,H,H,H
Mongolia,MNG,,,LM,LM,LM,LM,L,L,L,L,L,L,L,L,L,L,L,L,L,L,LM,LM,LM,LM,LM,LM,LM,UM,LM,LM,LM,LM
Montenegro,MNE,,,,,,,,,,,,,,,,,,,,UM,UM,UM,UM,UM,UM,UM,UM,UM,UM,UM,UM,UM
Morocco,MAR,LM,LM,LM,LM,LM,LM,LM,LM,LM,LM,LM,LM,LM,LM,LM,LM,LM,LM,LM,LM,LM,LM,LM,LM,LM,LM,LM,LM,LM,LM,LM,LM
Mozambique,MOZ,L,L,L,L,L,L,L,L,L,L,L,L,L,L,L,L,L,L,L,L,L,L,L,L,L,L,L,L,L,L,L,L
Myanmar,MMR,L,L,L,L,L,L,L,L,L,L,L,L,L,L,L,L,L,L,L,L,L,L,L,L,L,L,L,LM,LM,LM,LM,LM
Namibia,NAM,,,LM,LM,LM,LM,LM,LM,LM,LM,LM,LM,LM,LM,LM,LM,LM,LM,LM,LM,LM,UM,UM,UM,UM,UM,UM,UM,UM,UM,UM,UM
Nauru,NRU,,,,,,,,,,,,,,,,,,,,,,,,,,,,,H,UM,UM,UM
Nepal,NPL,L,L,L,L,L,L,L,L,L,L,L,L,L,L,L,L,L,L,L,L,L,L,L,L,L,L,L,L,L,L,L,L
Netherlands,NLD,H,H,H,H,H,H,H,H,H,H,H,H,H,H,H,H,H,H,H,H,H,H,H,H,H,H,H,H,H,H,H,H
New Caledonia,NCL,UM,UM,UM,UM,UM,UM,UM,UM,H,H,H,H,H,H,H,H,H,H,H,H,H,H,H,H,H,H,H,H,H,H,H,H
New Zealand,NZL,H,H,H,H,H,H,H,H,H,H,H,H,H,H,H,H,H,H,H,H,H,H,H,H,H,H,H,H,H,H,H,H
Nicaragua,NIC,LM,LM,LM,LM,L,L,L,L,L,L,L,L,L,L,L,L,L,L,LM,LM,LM,LM,LM,LM,LM,LM,LM,LM,LM,LM,LM,LM
Niger,NER,L,L,L,L,L,L,L,L,L,L,L,L,L,L,L,L,L,L,L,L,L,L,L,L,L,L,L,L,L,L,L,L
Nigeria,NGA,L,L,L,L,L,L,L,L,L,L,L,L,L,L,L,L,L,L,L,L,L,LM,LM,LM,LM,LM,LM,LM,LM,LM,LM,LM
North Macedonia,MKD,,,,,,LM,LM,LM,LM,LM,LM,LM,LM,LM,LM,LM,LM,LM,LM,LM,LM,UM,UM,UM,UM,UM,UM,UM,UM,UM,UM,UM
Northern Mariana Islands,MNP,,,,,,LM,LM,LM,H,H,H,H,H,H,H,UM,UM,UM,UM,UM,H,H,H,H,H,H,H,H,H,H,H,H
Norway,NOR,H,H,H,H,H,H,H,H,H,H,H,H,H,H,H,H,H,H,H,H,H,H,H,H,H,H,H,H,H,H,H,H
Oman,OMN,UM,UM,UM,UM,UM,UM,UM,UM,UM,UM,UM,UM,UM,UM,UM,UM,UM,UM,UM,UM,H,H,H,H,H,H,H,H,H,H,H,H
Pakistan,PAK,L,L,L,L,L,L,L,L,L,L,L,L,L,L,L,L,L,L,L,L,L,LM,LM,LM,LM,LM,LM,LM,LM,LM,LM,LM
Palau,PLW,,,,,,,,,,UM,UM,UM,UM,UM,UM,UM,UM,UM,UM,UM,UM,UM,UM,UM,UM,UM,UM,UM,UM,H,H,H
Panama,PAN,UM,LM,LM,LM,LM,LM,LM,LM,LM,LM,LM,UM,UM,UM,UM,UM,UM,UM,UM,UM,UM,UM,UM,UM,UM,UM,UM,UM,UM,UM,H,H
Papua New Guinea,PNG,LM,LM,LM,LM,LM,LM,LM,LM,LM,LM,LM,LM,LM,LM,L,L,L,L,L,L,L,LM,LM,LM,LM,LM,LM,LM,LM,LM,LM,LM
Paraguay,PRY,LM,LM,LM,LM,LM,LM,LM,LM,LM,LM,LM,LM,LM,LM,LM,LM,LM,LM,LM,LM,LM,LM,LM,LM,LM,LM,LM,UM,UM,UM,UM,UM
Peru,PER,LM,LM,LM,LM,LM,LM,LM,LM,LM,LM,LM,LM,LM,LM,LM,LM,LM,LM,LM,LM,LM,UM,UM,UM,UM,UM,UM,UM,UM,UM,UM,UM
Philippines,PHL,LM,LM,LM,LM,LM,LM,LM,LM,LM,LM,LM,LM,LM,LM,LM,LM,LM,LM,LM,LM,LM,LM,LM,LM,LM,LM,LM,LM,LM,LM,LM,LM
Poland,POL,LM,LM,LM,LM,LM,LM,LM,LM,LM,UM,UM,UM,UM,UM,UM,UM,UM,UM,UM,UM,UM,UM,H,H,H,H,H,H,H,H,H,H
Portugal,PRT,UM,UM,UM,UM,UM,UM,UM,H,H,H,H,H,H,H,H,H,H,H,H,H,H,H,H,H,H,H,H,H,H,H,H,H
Puerto Rico,PRI,UM,UM,H,UM,UM,UM,UM,UM,UM,UM,UM,UM,UM,UM,UM,H,H,H,H,H,H,H,H,H,H,H,H,H,H,H,H,H
Qatar,QAT,H,H,H,H,H,H,H,H,H,H,H,H,H,H,H,H,H,H,H,H,H,H,H,H,H,H,H,H,H,H,H,H
Romania,ROU,UM,UM,UM,LM,LM,LM,LM,LM,LM,LM,LM,LM,LM,LM,LM,LM,LM,LM,UM,UM,UM,UM,UM,UM,UM,UM,UM,UM,UM,UM,UM,UM
Russian Federation,RUS,,,,,UM,LM,LM,LM,LM,LM,LM,LM,LM,LM,LM,LM,LM,UM,UM,UM,UM,UM,UM,UM,UM,H,H,H,UM,UM,UM,UM
Rwanda,RWA,L,L,L,L,L,L,L,L,L,L,L,L,L,L,L,L,L,L,L,L,L,L,L,L,L,L,L,L,L,L,L,L
Samoa,WSM,LM,LM,LM,LM,LM,LM,LM,LM,LM,LM,LM,LM,LM,LM,LM,LM,LM,LM,LM,LM,LM,LM,LM,LM,LM,LM,LM,LM,LM,UM,UM,UM
San Marino,SMR,,,,,H,H,H,,,,,,,H,H,H,H,H,H,H,H,H,H,H,H,H,H,H,H,H,H,H
São Tomé and Principe,STP,L,L,L,L,L,L,L,L,L,L,L,L,L,L,L,L,L,L,L,L,L,LM,LM,LM,LM,LM,LM,LM,LM,LM,LM,LM
Saudi Arabia,SAU,H,H,H,UM,UM,UM,UM,UM,UM,UM,UM,UM,UM,UM,UM,UM,UM,H,H,H,H,H,H,H,H,H,H,H,H,H,H,H
Senegal,SEN,LM,LM,LM,LM,LM,LM,LM,L,L,L,L,L,L,L,L,L,L,L,L,L,L,L,LM,LM,LM,LM,LM,LM,L,L,L,LM
Serbia,SRB,,,,,,,,,,,,,,,,,,,,UM,UM,UM,UM,UM,UM,UM,UM,UM,UM,UM,UM,UM
Seychelles,SYC,UM,UM,UM,UM,UM,UM,UM,UM,UM,UM,UM,UM,UM,UM,UM,UM,UM,UM,UM,UM,UM,UM,UM,UM,UM,UM,UM,H,H,H,H,H
Sierra Leone,SLE,L,L,L,L,L,L,L,L,L,L,L,L,L,L,L,L,L,L,L,L,L,L,L,L,L,L,L,L,L,L,L,L
Singapore,SGP,H,H,H,H,H,H,H,H,H,H,H,H,H,H,H,H,H,H,H,H,H,H,H,H,H,H,H,H,H,H,H,H
Sint Maarten (Dutch part),SXM,,,,,,,,,,,,,,,,,,,,,,,,H,H,H,H,H,H,H,H,H
Slovak Republic,SVK,,,,,,LM,LM,LM,LM,UM,UM,UM,UM,UM,UM,UM,UM,UM,UM,UM,H,H,H,H,H,H,H,H,H,H,H,H
Slovenia,SVN,,,,,,UM,UM,UM,UM,UM,H,H,H,H,H,H,H,H,H,H,H,H,H,H,H,H,H,H,H,H,H,H
Solomon Islands,SLB,L,LM,L,L,L,LM,LM,LM,LM,LM,LM,L,L,L,L,L,L,L,L,L,L,LM,L,LM,LM,LM,LM,LM,LM,LM,LM,LM
Somalia,SOM,L,L,L,L,L,L,L,L,L,L,L,L,L,L,L,L,L,L,L,L,L,L,L,L,L,L,L,L,L,L,L,L
South Africa,ZAF,LM,UM,UM,UM,UM,UM,UM,UM,UM,UM,UM,LM,UM,UM,LM,LM,LM,UM,UM,UM,UM,UM,UM,UM,UM,UM,UM,UM,UM,UM,UM,UM
South Sudan,SSD,,,,,,,,,,,,,,,,,,,,,,,,,LM,L,LM,L,L,L,L,L
Spain,ESP,H,H,H,H,H,H,H,H,H,H,H,H,H,H,H,H,H,H,H,H,H,H,H,H,H,H,H,H,H,H,H,H
Sri Lanka,LKA,L,L,L,L,L,L,L,L,L,L,LM,LM,LM,LM,LM,LM,LM,LM,LM,LM,LM,LM,LM,LM,LM,LM,LM,LM,LM,LM,LM,UM
St. Kitts and Nevis,KNA,UM,UM,UM,UM,UM,UM,UM,UM,UM,UM,UM,UM,UM,UM,UM,UM,UM,UM,UM,UM,UM,UM,UM,UM,H,H,H,H,H,H,H,H
St. Lucia,LCA,LM,LM,LM,LM,LM,UM,UM,UM,UM,UM,UM,UM,UM,UM,UM,UM,UM,UM,UM,UM,UM,UM,UM,UM,UM,UM,UM,UM,UM,UM,UM,UM
St. Martin (French part),MAF,,,,,,,,,,,,,,,,,,,,,,,,H,H,H,H,H,H,H,H,H
St. Vincent and the Grenadines,VCT,LM,LM,LM,LM,LM,LM,LM,LM,LM,LM,LM,LM,LM,LM,LM,LM,UM,UM,UM,UM,UM,UM,UM,UM,UM,UM,UM,UM,UM,UM,UM,UM
Sudan,SDN,L,L,L,L,L,L,L,L,L,L,L,L,L,L,L,L,L,L,L,L,LM,LM,LM,LM,LM,LM,LM,LM,LM,LM,LM,LM
Suriname,SUR,UM,UM,UM,UM,UM,UM,LM,LM,LM,LM,LM,LM,LM,LM,LM,LM,LM,LM,LM,LM,UM,UM,UM,UM,UM,UM,UM,UM,UM,UM,UM,UM
Sweden,SWE,H,H,H,H,H,H,H,H,H,H,H,H,H,H,H,H,H,H,H,H,H,H,H,H,H,H,H,H,H,H,H,H
Switzerland,CHE,H,H,H,H,H,H,H,H,H,H,H,H,H,H,H,H,H,H,H,H,H,H,H,H,H,H,H,H,H,H,H,H
Syrian Arab Republic,SYR,LM,LM,LM,LM,LM,LM,LM,LM,LM,LM,LM,LM,LM,LM,LM,LM,LM,LM,LM,LM,LM,LM,LM,LM,LM,LM,LM,LM,LM,LM,L,L
"Taiwan, China",TWN,H,H,H,H,H,H,H,H,H,H,H,H,H,H,H,H,H,H,H,H,H,H,H,H,H,H,H,H,H,H,H,H
Tajikistan,TJK,,,,,LM,L,L,L,L,L,L,L,L,L,L,L,L,L,L,L,L,L,L,L,L,L,L,LM,LM,LM,L,L
Tanzania,TZA,L,L,L,L,L,L,L,L,L,L,L,L,L,L,L,L,L,L,L,L,L,L,L,L,L,L,L,L,L,L,L,L
Thailand,THA,LM,LM,LM,LM,LM,LM,LM,LM,LM,LM,LM,LM,LM,LM,LM,LM,LM,LM,LM,LM,LM,LM,LM,UM,UM,UM,UM,UM,UM,UM,UM,UM
Timor-Leste,TLS,,,,,,,,,,,,,,,L,L,L,L,L,L,LM,LM,LM,LM,LM,LM,LM,LM,LM,LM,LM,LM
Togo,TGO,L,L,L,L,L,L,L,L,L,L,L,L,L,L,L,L,L,L,L,L,L,L,L,L,L,L,L,L,L,L,L,L
Tonga,TON,LM,LM,LM,LM,LM,LM,LM,LM,LM,LM,LM,LM,LM,LM,LM,LM,LM,LM,LM,LM,LM,LM,LM,LM,LM,UM,UM,UM,LM,UM,UM,UM
Trinidad and Tobago,TTO,UM,UM,UM,UM,UM,UM,UM,UM,UM,UM,UM,UM,UM,UM,UM,UM,UM,UM,UM,H,H,H,H,H,H,H,H,H,H,H,H,H
Tunisia,TUN,LM,LM,LM,LM,LM,LM,LM,LM,LM,LM,LM,LM,LM,LM,LM,LM,LM,LM,LM,LM,LM,LM,LM,UM,UM,UM,UM,UM,LM,LM,LM,LM
Turkey,TUR,LM,LM,LM,LM,LM,LM,LM,LM,LM,LM,UM,UM,LM,UM,LM,LM,LM,UM,UM,UM,UM,UM,UM,UM,UM,UM,UM,UM,UM,UM,UM,UM
Turkmenistan,TKM,,,,,LM,LM,LM,LM,LM,LM,L,L,L,LM,LM,LM,LM,LM,LM,LM,LM,LM,LM,LM,UM,UM,UM,UM,UM,UM,UM,UM
Turks and Caicos Islands,TCA,,,,,,,,,,,,,,,,,,,,,,,H,H,H,H,H,H,H,H,H,H
Tuvalu,TUV,,,,,,,,,,,,,,,,,,,,,,,LM,LM,UM,UM,UM,UM,UM,UM,UM,UM
Uganda,UGA,L,L,L,L,L,L,L,L,L,L,L,L,L,L,L,L,L,L,L,L,L,L,L,L,L,L,L,L,L,L,L,L
Ukraine,UKR,,,,,LM,LM,LM,LM,LM,LM,LM,LM,L,L,L,LM,LM,LM,LM,LM,LM,LM,LM,LM,LM,LM,LM,LM,LM,LM,LM,LM
United Arab Emirates,ARE,H,H,H,H,H,H,H,H,H,H,H,H,H,H,H,H,H,H,H,H,H,H,H,H,H,H,H,H,H,H,H,H
United Kingdom,GBR,H,H,H,H,H,H,H,H,H,H,H,H,H,H,H,H,H,H,H,H,H,H,H,H,H,H,H,H,H,H,H,H
United States,USA,H,H,H,H,H,H,H,H,H,H,H,H,H,H,H,H,H,H,H,H,H,H,H,H,H,H,H,H,H,H,H,H
Uruguay,URY,UM,UM,UM,UM,UM,UM,UM,UM,UM,UM,UM,UM,UM,UM,UM,UM,UM,UM,UM,UM,UM,UM,UM,UM,UM,H,H,H,H,H,H,H
Uzbekistan,UZB,,,,,LM,LM,LM,LM,LM,LM,LM,LM,L,L,L,L,L,L,L,L,L,L,LM,LM,LM,LM,LM,LM,LM,LM,LM,LM
Vanuatu,VUT,LM,LM,LM,LM,LM,LM,LM,LM,LM,LM,LM,LM,LM,LM,LM,LM,LM,LM,LM,LM,LM,LM,LM,LM,LM,LM,LM,LM,LM,LM,LM,LM
"Venezuela, RB",VEN,UM,UM,UM,UM,UM,UM,UM,LM,LM,LM,UM,UM,UM,UM,UM,UM,UM,UM,UM,UM,UM,UM,UM,UM,UM,UM,UM,H,UM,UM,UM,UM
Vietnam,VNM,L,L,L,L,L,L,L,L,L,L,L,L,L,L,L,L,L,L,L,L,L,L,LM,LM,LM,LM,LM,LM,LM,LM,LM,LM
Virgin Islands (U.S.),VIR,H,H,H,H,H,H,H,H,H,H,H,H,H,H,H,H,H,H,H,H,H,H,H,H,H,H,H,H,H,H,H,H
West Bank and Gaza,PSE,,,,,,,,LM,LM,LM,LM,LM,LM,LM,LM,LM,LM,LM,LM,LM,LM,LM,LM,LM,LM,LM,LM,LM,LM,LM,LM,LM
"Yemen, Rep.",YEM,LM*,LM*,LM,LM,L,L,L,L,L,L,L,L,L,L,L,L,L,L,L,L,L,L,LM,LM,LM,LM,LM,LM,LM,LM,L,L
Zambia,ZMB,L,L,L,L,L,L,L,L,L,L,L,L,L,L,L,L,L,L,L,L,L,L,L,LM,LM,LM,LM,LM,LM,LM,LM,LM
Zimbabwe,ZWE,LM,LM,LM,LM,L,L,L,L,L,L,L,L,L,L,L,L,L,L,L,L,L,L,L,L,L,L,L,L,L,L,L,LM
